index,value
1,1
2,3
3,5
4,9
5,13
6,17
7,24
8,31
9,38
10,45
11,53
12,61
13,75
14,87
15,97
16,112
17,124
18,139
19,147
20,175
21,182
22,205
23,219
24,242
25,265
26,277
27,309
28,313
29,349
30,378
31,386
32,430
33,445
34,478
35,480
36,546
37,548
38,603
39,615
40,669
41,677
42,718
43,769
44,776
45,836
46,840
47,905
48,907
49,1000
50,1007
51,1066
52,1072
53,1074
54,1202
55,1204
56,1298
57,1304
58,1306
59,1427
60,1434
61,1532
62,1534
63,1600
64,1659
65,1663
66,1667
67,1837
68,1891
69,1893
70,1960
71,2058
72,2060
73,2131
74,2193
75,2195
76,2357
77,2359
78,2431
79,2489
80,2591
81,2593
82,2712
83,2714
84,2724
85,2944
86,2946
87,2952
88,3170
89,3174
90,3178
91,3377
92,3388
93,3467
94,3469
95,3647
96,3698
97,3704
98,3706
99,3982
100,3986
101,3990
102,4212
103,4216
104,4223
105,4453
106,4519
107,4523
108,4731
109,4733
110,4741
111,4753
112,5105
113,5107
114,5207
115,5261
116,5263
117,5275
118,5632
119,5634
120,5792
121,5794
122,5994
123,5996
124,6024
125,6256
126,6258
127,6506
128,6508
129,6528
130,6780
131,6782
132,7018
133,7020
134,7043
135,7288
136,7290
137,7544
138,7546
139,7652
140,7672
141,8023
142,8034
143,8081
144,8296
145,8304
146,8308
147,8658
148,8666
149,8839
150,8902
151,8904
152,9302
153,9309
154,9416
155,9418
156,9718
157,9826
158,9833
159,9953
160,10177
161,10179
162,10467
163,10640
164,10644
165,10648
166,10707
167,11171
168,11173
169,11183
170,11594
171,11596
172,11764
173,11934
174,11936
175,11986
176,12447
177,12449
178,12455
179,12463
180,12974
181,12976
182,12982
183,13453
184,13479
185,13483
186,13501
187,13509
188,14235
189,14239
190,14246
191,14265
192,14269
193,14995
194,14997
195,15003
196,15031
197,15527
198,15529
199,15783
200,15785
201,15791
202,16286
203,16321
204,16421
205,16786
206,16788
207,16820
208,16822
209,17411
210,17548
211,17581
212,17583
213,18073
214,18157
215,18164
216,18579
217,18595
218,18599
219,19129
220,19131
221,19397
222,19399
223,19405
224,19934
225,19936
226,20393
227,20395
228,20449
229,20451
230,20461
231,21432
232,21434
233,21440
234,21448
235,22025
236,22031
237,22225
238,22229
239,22259
240,22266
241,23265
242,23281
243,23288
244,23758
245,23773
246,23777
247,24300
248,24302
249,24557
250,24559
251,25057
252,25059
253,25345
254,25351
255,25870
256,26054
257,26056
258,26076
259,26610
260,26635
261,26637
262,27333
263,27339
264,27341
265,27401
266,28189
267,28191
268,28201
269,28914
270,28918
271,28929
272,28947
273,28951
274,29717
275,29719
276,30439
277,30441
278,30462
279,30469
280,30498
281,31485
282,31487
283,31493
284,32025
285,32027
286,32515
287,32517
288,32531
289,32537
290,33347
291,33349
292,33810
293,33812
294,34330
295,34332
296,34342
297,34853
298,34855
299,35596
300,35598
301,35608
302,35616
303,36622
304,36628
305,36630
306,36665
307,37206
308,37682
309,37689
310,37693
311,38422
312,38424
313,38430
314,38438
315,38498
316,39935
317,39937
318,39943
319,39951
320,40017
321,40766
322,40768
323,41303
324,41305
325,41823
326,42248
327,42270
328,42274
329,42278
330,43096
331,43098
332,43104
333,44144
334,44358
335,44360
336,44368
337,44376
338,45380
339,45382
340,45390
341,45398
342,46421
343,46423
344,46433
345,47208
346,47215
347,47244
348,47252
349,48510
350,48522
351,48533
352,49023
353,49490
354,49492
355,49500
356,49515
357,49527
358,49557
359,51368
360,51370
361,51609
362,51806
363,51808
364,51822
365,51829
366,51841
367,53691
368,53693
369,53940
370,53942
371,54613
372,54615
373,54631
374,54641
375,54643
376,56252
377,56461
378,56463
379,56484
380,56491
381,57725
382,57729
383,57733
384,57741
385,57755
386,59296
387,59298
388,59304
389,59312
390,60360
391,60366
392,60633
393,61318
394,61320
395,61334
396,61340
397,62627
398,62629
399,62656
400,62662
401,63667
402,63671
403,63690
404,64449
405,64451
406,64461
407,65695
408,65697
409,65703
410,65717
411,65724
412,67536
413,67538
414,67546
415,68041
416,68043
417,68049
418,69382
419,69386
420,69854
421,69856
422,69870
423,69876
424,71413
425,71415
426,71671
427,71673
428,71683
429,72694
430,72696
431,72702
432,74219
433,74233
434,74240
435,74247
436,75022
437,75032
438,76009
439,76011
440,76017
441,76031
442,76837
443,77598
444,77600
445,78402
446,78629
447,78631
448,78637
449,78649
450,78657
451,80653
452,80659
453,80661
454,81745
455,81747
456,81753
457,82726
458,82728
459,82734
460,82742
461,84273
462,84285
463,84770
464,84772
465,84778
466,84799
467,84813
468,87099
469,87101
470,87107
471,87115
472,87897
473,87899
474,87905
475,89408
476,89410
477,89416
478,90207
479,90215
480,90219
481,91506
482,91508
483,91528
484,91534
485,93495
486,93497
487,93503
488,93518
489,93525
490,93576
491,95645
492,95647
493,95835
494,95837
495,95871
496,95892
497,95894
498,98699
499,98707
500,98937
501,98939
502,98947
503,98958
504,98969
505,101640
506,101729
507,101731
508,101739
509,101747
510,101759
511,101781
512,104087
513,104094
514,104102
515,104643
516,104645
517,105599
518,105603
519,105607
520,107230
521,107402
522,107404
523,107422
524,107424
525,107470
526,109708
527,109710
528,109716
529,109742
530,109744
531,111882
532,111884
533,111890
534,112083
535,112085
536,113655
537,113657
538,113885
539,113887
540,115172
541,115174
542,115180
543,116691
544,116693
545,116699
546,117982
547,117984
548,117994
549,118041
550,119816
551,119818
552,119830
553,120321
554,120323
555,121914
556,122129
557,122131
558,122147
559,123640
560,123642
561,123656
562,123697
563,123707
564,125960
565,125962
566,125968
567,125976
568,127588
569,127592
570,127749
571,127751
572,127757
573,129889
574,129891
575,130118
576,130122
577,131863
578,131869
579,131871
580,131883
581,131891
582,131906
583,134985
584,134991
585,134993
586,135013
587,135020
588,137005
589,137015
590,137017
591,137027
592,137038
593,139338
594,139340
595,139360
596,139368
597,140912
598,140914
599,140920
600,140928
601,140948
602,143745
603,143747
604,143753
605,143761
606,143773
607,143957
608,143961
609,143973
610,147884
611,147888
612,147892
613,147900
614,147914
615,147928
616,150195
617,150197
618,150203
619,150211
620,152240
621,152242
622,152248
623,153284
624,153286
625,154578
626,154580
627,154862
628,154864
629,155087
630,156913
631,157673
632,157675
633,157687
634,157695
635,158727
636,159000
637,160187
638,160189
639,160201
640,160237
641,162745
642,162747
643,162753
644,162765
645,162773
646,162824
647,162838
648,162853
649,162868
650,168125
651,168127
652,168152
653,168159
654,168171
655,168182
656,168201
657,171024
658,171035
659,171047
660,172545
661,172547
662,172553
663,172596
664,173915
665,173934
666,175678
667,175680
668,175686
669,175694
670,176217
671,178205
672,178207
673,178213
674,178221
675,178240
676,178242
677,181296
678,181298
679,181304
680,181338
681,183121
682,183129
683,183173
684,184954
685,184956
686,185465
687,185467
688,185473
689,187718
690,187720
691,187726
692,187734
693,187746
694,187761
695,187783
696,187798
697,192969
698,192971
699,193154
700,193156
701,193162
702,194212
703,194218
704,196251
705,196253
706,196259
707,196267
708,197053
709,199092
710,199099
711,199139
712,199141
713,199353
714,199363
715,202410
716,202412
717,202418
718,202426
719,202445
720,202447
721,205782
722,205784
723,205805
724,206310
725,206312
726,208074
727,208085
728,208093
729,210351
730,210353
731,210359
732,210367
733,210394
734,213035
735,213224
736,213226
737,213232
738,213244
739,213252
740,213274
741,217357
742,217365
743,218611
744,218613
745,218619
746,218627
747,218639
748,218711
749,221499
750,221501
751,221515
752,223309
753,223311
754,224305
755,224307
756,224321
757,224327
758,224335
759,227443
760,227445
761,228422
762,228428
763,228436
764,230266
765,230268
766,231532
767,231534
768,231540
769,231548
770,234376
771,234378
772,234384
773,234392
774,236643
775,236649
776,236651
777,236671
778,236678
779,236707
780,240807
781,240811
782,241269
783,241273
784,241277
785,241296
786,241303
787,241319
788,241339
789,246732
790,246739
791,247481
792,247483
793,247489
794,247497
795,249571
796,249587
797,249591
798,251888
799,251890
800,251896
801,252842
802,252844
803,252850
804,252858
805,252885
806,257270
807,257272
808,257278
809,257286
810,258526
811,258528
812,258534
813,258542
814,261402
815,261404
816,261410
817,261418
818,261430
819,265721
820,265723
821,265729
822,265737
823,265749
824,265764
825,269138
826,269140
827,269150
828,269593
829,269597
830,269601
831,269609
832,273686
833,273688
834,273698
835,273709
836,273720
837,277354
838,277361
839,277365
840,277376
841,277617
842,277625
843,277647
844,277654
845,282758
846,282764
847,282766
848,282778
849,282786
850,282801
851,286079
852,286081
853,286087
854,286095
855,289205
856,289207
857,289230
858,290260
859,290262
860,290268
861,291774
862,291789
863,293837
864,293839
865,293845
866,293859
867,293866
868,296928
869,296939
870,299262
871,299495
872,299497
873,299509
874,299516
875,302579
876,302581
877,302599
878,303400
879,303402
880,305457
881,305468
882,305472
883,305645
884,305649
885,305696
886,310552
887,310554
888,310560
889,311668
890,311799
891,311801
892,311809
893,311820
894,311828
895,316982
896,316984
897,316990
898,316998
899,317018
900,317026
901,321374
902,321376
903,321382
904,321394
905,321670
906,321674
907,324726
908,324728
909,325482
910,325484
911,325810
912,325816
913,325818
914,329819
915,329821
916,329829
917,329848
918,329855
919,329870
920,329899
921,335538
922,335540
923,335546
924,335554
925,338684
926,338692
927,338840
928,338842
929,338848
930,338856
931,338877
932,338892
933,344700
934,344702
935,344721
936,344723
937,344737
938,344751
939,344771
940,344773
941,350145
942,350147
943,350155
944,350163
945,350175
946,350191
947,353589
948,355571
949,355573
950,355579
951,355587
952,355599
953,355614
954,358734
955,359969
956,359975
957,359977
958,360003
959,360005
960,364140
961,364160
962,364369
963,364371
964,366711
965,366713
966,366719
967,369701
968,369703
969,369709
970,369717
971,369736
972,369738
973,370521
974,370523
975,370529
976,377193
977,377195
978,377201
979,377209
980,377230
981,380059
982,380061
983,380067
984,380075
985,380087
986,383637
987,383639
988,383645
989,383653
990,383665
991,383680
992,388780
993,388782
994,388802
995,388810
996,388822
997,392400
998,392402
999,392410
1000,394965
1001,394967
1002,394973
1003,394981
1004,395008
1005,395016
1006,395051
1007,395297
1008,395299
1009,403283
1010,403302
1011,403463
1012,403467
1013,403471
1014,403483
1015,403499
1016,403989
1017,403991
1018,409162
1019,409166
1020,411366
1021,411370
1022,411425
1023,411432
1024,411436
1025,411452
1026,416621
1027,416623
1028,416642
1029,416650
1030,416658
1031,416852
1032,416854
1033,416872
1034,416874
1035,423058
1036,423060
1037,423066
1038,423074
1039,423095
1040,427961
1041,427963
1042,427969
1043,427977
1044,427989
1045,428227
1046,428233
1047,433136
1048,433548
1049,433555
1050,433570
1051,433576
1052,433578
1053,437005
1054,437007
1055,437013
1056,437175
1057,437177
1058,437203
1059,437205
1060,444619
1061,444621
1062,444627
1063,444635
1064,444647
1065,444684
1066,444695
1067,444707
1068,450921
1069,451023
1070,451025
1071,451048
1072,451052
1073,451067
1074,451082
1075,451111
1076,458320
1077,458322
1078,458328
1079,458347
1080,458349
1081,459601
1082,459607
1083,463701
1084,463703
1085,463709
1086,463717
1087,463729
1088,463744
1089,468102
1090,468104
1091,468110
1092,468118
1093,470189
1094,470191
1095,470438
1096,470440
1097,475544
1098,475551
1099,475555
1100,475563
1101,475574
1102,478641
1103,478643
1104,478649
1105,478657
1106,478669
1107,484004
1108,484006
1109,484012
1110,484020
1111,484032
1112,487428
1113,487430
1114,489966
1115,489968
1116,489974
1117,489982
1118,489994
1119,492540
1120,492542
1121,492548
1122,492556
1123,497796
1124,497874
1125,497876
1126,497886
1127,497906
1128,497916
1129,497934
1130,497970
1131,504679
1132,506477
1133,506479
1134,506485
1135,506493
1136,506505
1137,506521
1138,510106
1139,510110
1140,512150
1141,514163
1142,514167
1143,514171
1144,514189
1145,516830
1146,516832
1147,516999
1148,517001
1149,517026
1150,521927
1151,521929
1152,522418
1153,522420
1154,522648
1155,522650
1156,522656
1157,522675
1158,522677
1159,531417
1160,531419
1161,531425
1162,531433
1163,534199
1164,534201
1165,534207
1166,534215
1167,534227
1168,534266
1169,534285
1170,534300
1171,541995
1172,541997
1173,542003
1174,542011
1175,542786
1176,542790
1177,542794
1178,546123
1179,546125
1180,546131
1181,546157
1182,546159
1183,554056
1184,554058
1185,554064
1186,554072
1187,554084
1188,554891
1189,554899
1190,554907
1191,554919
1192,561303
1193,561311
1194,562033
1195,562035
1196,562041
1197,562049
1198,562070
1199,562269
1200,562271
1201,562287
1202,562297
1203,573102
1204,573104
1205,573110
1206,573118
1207,573169
1208,574167
1209,575992
1210,575994
1211,576000
1212,576160
1213,576164
1214,576172
1215,576190
1216,576194
1217,585248
1218,585250
1219,587042
1220,587049
1221,587065
1222,587084
1223,590086
1224,590088
1225,590094
1226,590102
1227,590114
1228,590129
1229,590151
1230,590166
1231,600387
1232,600389
1233,600395
1234,600403
1235,600415
1236,600430
1237,601186
1238,601188
1239,601196
1240,601208
1241,601216
1242,609715
1243,609719
1244,610201
1245,610203
1246,610252
1247,610260
1248,615073
1249,615075
1250,615081
1251,615089
1252,615101
1253,615116
1254,615138
1255,621214
1256,621220
1257,621222
1258,621234
1259,621242
1260,621257
1261,628695
1262,628697
1263,628703
1264,628711
1265,628746
1266,628754
1267,634433
1268,634435
1269,634641
1270,634643
1271,634649
1272,634663
1273,634671
1274,635237
1275,635402
1276,635404
1277,635416
1278,645676
1279,645678
1280,645690
1281,645698
1282,645713
1283,645733
1284,650065
1285,650067
1286,650073
1287,650081
1288,650093
1289,650108
1290,657314
1291,657316
1292,657602
1293,657604
1294,659612
1295,659614
1296,659620
1297,659628
1298,665482
1299,665484
1300,665496
1301,665503
1302,665517
1303,665519
1304,665554
1305,671471
1306,671473
1307,671487
1308,673764
1309,673766
1310,673772
1311,673787
1312,679437
1313,679439
1314,679449
1315,679465
1316,680231
1317,680233
1318,684618
1319,684620
1320,684630
1321,684641
1322,688484
1323,688486
1324,688520
1325,688643
1326,688647
1327,688651
1328,688677
1329,688687
1330,688721
1331,701355
1332,701357
1333,701367
1334,701541
1335,701545
1336,701552
1337,701564
1338,701582
1339,701604
1340,708850
1341,708856
1342,708858
1343,712175
1344,712177
1345,712936
1346,712938
1347,712972
1348,712994
1349,716794
1350,716800
1351,718805
1352,718807
1353,718817
1354,718825
1355,718833
1356,718865
1357,718875
1358,718877
1359,730129
1360,730131
1361,730137
1362,730145
1363,730157
1364,732513
1365,732519
1366,732521
1367,732533
1368,732541
1369,732556
1370,732675
1371,732677
1372,732693
1373,732714
1374,746710
1375,746899
1376,746901
1377,749661
1378,749667
1379,749669
1380,749681
1381,749697
1382,749711
1383,755126
1384,755128
1385,755134
1386,755142
1387,757947
1388,757949
1389,757955
1390,757983
1391,757998
1392,765721
1393,765930
1394,765932
1395,765938
1396,765952
1397,766672
1398,766676
1399,766680
1400,766698
1401,766744
1402,766746
1403,777724
1404,777726
1405,777732
1406,777740
1407,777752
1408,777767
1409,777789
1410,783180
1411,783182
1412,783188
1413,783196
1414,788869
1415,788871
1416,788877
1417,791372
1418,791376
1419,791380
1420,791388
1421,791406
1422,791416
1423,799446
1424,799635
1425,799637
1426,799643
1427,799655
1428,799663
1429,799917
1430,799919
1431,808183
1432,808185
1433,810512
1434,810528
1435,810680
1436,810682
1437,810700
1438,810702
1439,810723
1440,818893
1441,818895
1442,818901
1443,818909
1444,818921
1445,818936
1446,818958
1447,818973
1448,819212
1449,819220
1450,819228
1451,830874
1452,830876
1453,830886
1454,831083
1455,831104
1456,836241
1457,836243
1458,836249
1459,836264
1460,841584
1461,841586
1462,841592
1463,841604
1464,841612
1465,841627
1466,841652
1467,850101
1468,850103
1469,850109
1470,850117
1471,850129
1472,850144
1473,850166
1474,850399
1475,855796
1476,855802
1477,855804
1478,861459
1479,861463
1480,861467
1481,865847
1482,865849
1483,865869
1484,866064
1485,866070
1486,866072
1487,866086
1488,866107
1489,866606
1490,866608
1491,866642
1492,880266
1493,880268
1494,880282
1495,880289
1496,881242
1497,881244
1498,881250
1499,881258
1500,881279
1501,881302
1502,881316
1503,892290
1504,892292
1505,892298
1506,892306
1507,892318
1508,892333
1509,897473
1510,897475
1511,897481
1512,897489
1513,897509
1514,900621
1515,905666
1516,905668
1517,905674
1518,905682
1519,905694
1520,905709
1521,905738
1522,905767
1523,914451
1524,914453
1525,914461
1526,914469
1527,914480
1528,922354
1529,922356
1530,922366
1531,922374
1532,922430
1533,922434
1534,922446
1535,925279
1536,925281
1537,925289
1538,925585
1539,925587
1540,936912
1541,936914
1542,936933
1543,937092
1544,937098
1545,937100
1546,937114
1547,937135
1548,937150
1549,947989
1550,947991
1551,948001
1552,948024
1553,948031
1554,948162
1555,948169
1556,948185
1557,948191
1558,948228
1559,959510
1560,959512
1561,959522
1562,963631
1563,963633
1564,963639
1565,963647
1566,963668
1567,964220
1568,964222
1569,964454
1570,964461
1571,973156
1572,973158
1573,973164
1574,973172
1575,973184
1576,973199
1577,981581
1578,981583
1579,981589
1580,981597
1581,981609
1582,981624
1583,989089
1584,989091
1585,989097
1586,989105
1587,989117
1588,989160
1589,989345
1590,989349
1591,989353
1592,989386
1593,989393
